{"HDsPImVrl2HwyvcJyBG8sA==":"logo2.png","fRoDrtdvYgfO7Jn9UuqxPg==":"logo%20bk-122x117.png","L7WFawh8FLhq6kbNjb65IQ==":"img_20180907_223206-690-1079x1139.jpg","9qu0bROsi/OBJQvzHz6VKw==":"produce-1694x1122.jpg","vtO+1ucOEDi4cZuoyyfIqQ==":"2ob635e9j5t79867w6j2-346x225.jpg","qc+yVCpifNSqRZ5MSUPo1A==":"capsicum-346x230.jpg","bUoytKBix39R8T7p8MO0JA==":"corn-346x260.jpg","adQvx8XnXsFb/8xJoQnDrQ==":"carrot-346x175.jpg","yQ511H0CuLtp1f5QIznaVQ==":"corn-1-346x260.jpg","R27X56SypX5mgUe/Pyy2Xw==":"carrot-1-346x175.jpg","QN2LxKTZgxJvul91yP1Y3g==":"carrot-2-346x175.jpg","XZ81qhY3ems/cpWegjM95w==":"carrot-3-346x175.jpg","5X/sVV6D3/q6MaE2JW1ZBg==":"carrot-4-346x175.jpg"}